respondent_id,age_group,gender,race,education,income,policy_support
1,30-44,Female,Black,Some College/Associates,Medium,1
2,60+,Male,Hispanic,Some College/Associates,Low,1
3,45-59,Male,White,High School or Less,High,1
4,30-44,Male,Black,High School or Less,Medium,1
5,18-29,Male,White,Some College/Associates,Low,1
6,18-29,Male,Hispanic,High School or Less,High,0
7,18-29,Female,Asian,Bachelor,Medium,1
8,60+,Female,White,High School or Less,Low,0
9,45-59,Female,Black,Some College/Associates,Medium,0
10,45-59,Female,White,Graduate,Low,0
11,18-29,Female,White,High School or Less,High,0
12,60+,Female,White,Some College/Associates,High,0
13,45-59,Female,White,High School or Less,High,1
14,18-29,Male,White,Bachelor,Medium,1
15,18-29,Male,Black,Some College/Associates,Medium,0
16,18-29,Male,White,Some College/Associates,High,0
17,30-44,Female,Hispanic,Some College/Associates,Low,1
18,30-44,Female,White,Graduate,Medium,1
19,30-44,Male,White,High School or Less,Medium,0
20,30-44,Female,Hispanic,High School or Less,Low,1
21,45-59,Male,White,Graduate,Medium,1
22,18-29,Female,White,Some College/Associates,High,1
23,30-44,Male,Black,Graduate,High,1
24,30-44,Male,White,Some College/Associates,Low,0
25,30-44,Male,White,Bachelor,Low,1
26,45-59,Male,White,Some College/Associates,Low,0
27,18-29,Male,Asian,Bachelor,High,1
28,30-44,Male,Black,Graduate,Low,1
29,30-44,Female,Black,Some College/Associates,Medium,0
30,18-29,Female,Black,High School or Less,Low,1
31,45-59,Male,White,High School or Less,Medium,1
32,18-29,Female,White,High School or Less,Low,1
33,18-29,Female,Hispanic,High School or Less,High,1
34,60+,Male,White,Some College/Associates,Low,1
35,60+,Male,White,Some College/Associates,Medium,0
36,45-59,Male,White,Some College/Associates,Low,0
37,30-44,Male,White,Some College/Associates,Medium,0
38,18-29,Female,Other,Bachelor,High,1
39,45-59,Male,White,High School or Less,Low,1
40,30-44,Female,White,High School or Less,High,1
41,18-29,Female,White,High School or Less,Medium,1
42,30-44,Male,Other,Some College/Associates,Low,1
43,18-29,Female,White,High School or Less,Medium,0
44,60+,Male,White,High School or Less,Low,0
45,30-44,Female,Hispanic,Some College/Associates,Medium,1
46,45-59,Male,Black,Bachelor,High,1
47,30-44,Female,White,High School or Less,Low,0
48,30-44,Female,White,Bachelor,Medium,1
49,30-44,Male,White,Bachelor,High,0
50,18-29,Female,White,Bachelor,High,0
51,60+,Female,White,Graduate,Medium,0
52,45-59,Female,White,High School or Less,High,1
53,60+,Female,White,High School or Less,Medium,0
54,60+,Female,White,Graduate,Low,1
55,30-44,Male,Black,Some College/Associates,High,1
56,60+,Male,Other,Some College/Associates,Medium,1
57,18-29,Female,Black,Bachelor,Medium,1
58,18-29,Male,White,Bachelor,Medium,1
59,18-29,Female,White,Graduate,High,1
60,30-44,Female,Asian,Graduate,High,0
61,30-44,Male,White,Bachelor,Medium,0
62,30-44,Male,White,High School or Less,Low,0
63,45-59,Female,White,Graduate,Medium,1
64,30-44,Male,Black,High School or Less,Medium,0
65,30-44,Female,Black,High School or Less,Low,1
66,30-44,Male,White,Graduate,High,0
67,18-29,Female,White,High School or Less,Medium,0
68,45-59,Male,Other,High School or Less,Low,0
69,18-29,Female,White,High School or Less,Low,0
70,60+,Male,Black,Graduate,Low,1
71,45-59,Female,Black,Some College/Associates,High,1
72,18-29,Male,Black,Bachelor,Low,1
73,18-29,Female,White,High School or Less,Low,1
74,45-59,Female,White,Bachelor,Medium,0
75,45-59,Male,White,Bachelor,Low,1
76,45-59,Male,Hispanic,Some College/Associates,Low,1
77,45-59,Male,Asian,Some College/Associates,Low,0
78,18-29,Female,White,High School or Less,Medium,0
79,30-44,Female,White,Graduate,Medium,0
80,18-29,Female,Asian,Bachelor,Low,0
81,60+,Male,Hispanic,Graduate,Medium,0
82,45-59,Male,Hispanic,Some College/Associates,High,1
83,30-44,Female,White,Bachelor,Low,1
84,18-29,Female,White,Bachelor,Low,1
85,30-44,Female,Black,Bachelor,Low,1
86,30-44,Male,Black,Graduate,Medium,0
87,45-59,Female,White,Some College/Associates,High,1
88,45-59,Male,White,High School or Less,Low,0
89,60+,Male,White,Bachelor,Medium,1
90,30-44,Female,White,Bachelor,Low,1
91,18-29,Female,White,Some College/Associates,Medium,1
92,45-59,Other,Asian,High School or Less,High,0
93,45-59,Male,White,Some College/Associates,Low,0
94,30-44,Male,Hispanic,Some College/Associates,Medium,0
95,45-59,Female,White,Some College/Associates,Low,1
96,30-44,Female,Black,Bachelor,Medium,0
97,30-44,Male,Other,Bachelor,Low,1
98,30-44,Male,White,High School or Less,High,1
99,18-29,Male,White,Some College/Associates,Low,0
100,18-29,Female,White,High School or Less,High,1
101,18-29,Male,White,High School or Less,Low,0
102,45-59,Male,Hispanic,Bachelor,Medium,1
103,30-44,Male,Asian,Graduate,Low,1
104,30-44,Male,White,Some College/Associates,High,0
105,60+,Male,White,Bachelor,Low,1
106,18-29,Female,White,Graduate,Low,0
107,30-44,Male,Hispanic,Bachelor,Medium,1
108,45-59,Female,White,High School or Less,Low,0
109,18-29,Male,White,Graduate,Low,1
110,18-29,Female,Black,Some College/Associates,High,1
111,30-44,Female,Black,Some College/Associates,High,1
112,18-29,Female,White,High School or Less,Low,1
113,60+,Female,Black,Some College/Associates,High,0
114,45-59,Male,White,High School or Less,Medium,1
115,45-59,Male,White,High School or Less,Low,1
116,60+,Female,Hispanic,Some College/Associates,Medium,0
117,45-59,Other,Hispanic,Bachelor,Medium,1
118,18-29,Female,White,Graduate,High,0
119,60+,Female,White,Some College/Associates,Low,0
120,30-44,Female,White,Graduate,Medium,1
121,45-59,Male,White,Graduate,Low,0
122,60+,Male,White,Bachelor,Low,0
123,30-44,Female,White,High School or Less,Low,1
124,18-29,Female,White,Bachelor,High,0
125,18-29,Male,Hispanic,Graduate,High,1
126,30-44,Female,Black,Bachelor,High,0
127,45-59,Male,Black,Some College/Associates,Medium,0
128,60+,Female,White,Some College/Associates,Low,1
129,18-29,Male,Asian,Bachelor,Low,0
130,30-44,Male,Hispanic,Some College/Associates,Low,0
131,30-44,Female,Hispanic,High School or Less,Low,1
132,18-29,Male,Hispanic,Some College/Associates,High,0
133,18-29,Female,Asian,Bachelor,Medium,1
134,30-44,Female,White,Graduate,Low,0
135,60+,Female,White,High School or Less,Low,1
136,30-44,Male,Black,Graduate,Low,1
137,30-44,Male,Hispanic,Some College/Associates,Medium,1
138,45-59,Male,Hispanic,Bachelor,High,0
139,30-44,Other,White,Bachelor,Medium,1
140,60+,Female,White,Bachelor,High,1
141,60+,Female,White,Graduate,Medium,1
142,30-44,Female,Asian,Some College/Associates,Low,1
143,30-44,Female,White,Graduate,Low,1
144,30-44,Female,White,High School or Less,High,1
145,30-44,Male,White,Bachelor,High,1
146,18-29,Female,White,Bachelor,Low,0
147,45-59,Male,Hispanic,Bachelor,Medium,1
148,30-44,Female,Black,High School or Less,Medium,1
149,18-29,Female,Hispanic,Graduate,Medium,1
150,30-44,Female,White,High School or Less,High,1
151,60+,Male,Black,High School or Less,Medium,1
152,18-29,Male,White,Bachelor,Medium,1
153,18-29,Male,Black,Some College/Associates,Low,1
154,30-44,Male,White,Bachelor,Low,0
155,60+,Male,White,Some College/Associates,Low,0
156,18-29,Female,Black,High School or Less,Low,0
157,45-59,Female,Asian,Bachelor,Medium,0
158,45-59,Male,White,Some College/Associates,Medium,0
159,18-29,Male,Hispanic,High School or Less,Low,1
160,45-59,Male,White,Bachelor,High,0
161,30-44,Female,White,Some College/Associates,Low,1
162,45-59,Female,White,Bachelor,Low,0
163,45-59,Female,White,Some College/Associates,Low,0
164,30-44,Female,White,Bachelor,Low,1
165,18-29,Other,White,Bachelor,Low,1
166,45-59,Female,White,Bachelor,Medium,1
167,30-44,Male,Asian,High School or Less,Medium,0
168,18-29,Female,White,Bachelor,High,0
169,18-29,Male,Hispanic,Bachelor,Low,0
170,30-44,Female,White,Bachelor,Low,1
171,45-59,Male,Black,Some College/Associates,Low,0
172,18-29,Female,White,Graduate,Medium,1
173,30-44,Female,White,Bachelor,Low,0
174,18-29,Female,White,High School or Less,High,1
175,45-59,Female,White,Some College/Associates,Medium,1
176,18-29,Male,White,Graduate,Medium,1
177,45-59,Male,Black,High School or Less,Medium,0
178,30-44,Male,Hispanic,Graduate,Low,0
179,60+,Male,Hispanic,Bachelor,Low,1
180,18-29,Female,Black,Bachelor,Low,1
181,30-44,Male,White,High School or Less,Medium,0
182,18-29,Female,White,High School or Less,Low,1
183,60+,Female,White,Graduate,Low,0
184,60+,Female,White,High School or Less,High,1
185,30-44,Male,White,Bachelor,Low,1
186,45-59,Female,White,Some College/Associates,High,0
187,45-59,Female,White,High School or Less,High,0
188,30-44,Male,White,High School or Less,Low,1
189,30-44,Female,Hispanic,Some College/Associates,Low,1
190,18-29,Female,Hispanic,Graduate,Low,0
191,18-29,Male,White,Some College/Associates,Medium,1
192,60+,Female,Asian,Some College/Associates,Medium,0
193,60+,Male,Asian,Some College/Associates,High,1
194,45-59,Male,White,Some College/Associates,High,1
195,30-44,Male,White,Some College/Associates,Medium,0
196,30-44,Male,White,Graduate,Low,0
197,45-59,Male,Asian,Some College/Associates,Low,1
198,60+,Male,Hispanic,Some College/Associates,High,0
199,60+,Female,White,High School or Less,Low,0
200,45-59,Female,White,Graduate,Low,1
201,45-59,Female,White,High School or Less,Medium,0
202,18-29,Male,White,High School or Less,Medium,0
203,18-29,Male,White,Bachelor,High,1
204,60+,Female,Hispanic,Some College/Associates,Medium,0
205,45-59,Male,Black,Some College/Associates,Low,1
206,18-29,Male,Hispanic,Some College/Associates,High,1
207,18-29,Female,Hispanic,Bachelor,Low,0
208,45-59,Male,Hispanic,High School or Less,Low,1
209,18-29,Female,White,Bachelor,Medium,1
210,18-29,Female,Black,Bachelor,Low,0
211,30-44,Male,White,Some College/Associates,Medium,1
212,45-59,Male,Black,Some College/Associates,Low,1
213,45-59,Female,White,High School or Less,Medium,1
214,18-29,Male,Black,Bachelor,Low,1
215,45-59,Male,White,Some College/Associates,High,1
216,18-29,Other,White,Some College/Associates,High,0
217,30-44,Male,White,Some College/Associates,Low,1
218,45-59,Female,White,Graduate,Low,0
219,45-59,Female,Black,Some College/Associates,Low,1
220,45-59,Male,Hispanic,Graduate,Low,0
221,45-59,Male,White,Some College/Associates,High,1
222,30-44,Male,White,High School or Less,Medium,0
223,18-29,Male,White,High School or Less,Low,1
224,30-44,Male,White,Some College/Associates,Low,0
225,30-44,Female,White,High School or Less,Low,0
226,18-29,Male,Hispanic,High School or Less,Medium,1
227,60+,Female,White,Graduate,Low,1
228,30-44,Other,White,Bachelor,High,1
229,60+,Female,White,Bachelor,High,0
230,45-59,Female,White,High School or Less,Low,0
231,45-59,Male,White,High School or Less,Medium,1
232,30-44,Female,Black,High School or Less,High,1
233,30-44,Female,White,Bachelor,Medium,1
234,30-44,Male,White,Graduate,Low,0
235,18-29,Male,White,Some College/Associates,Low,1
236,45-59,Female,White,High School or Less,High,0
237,30-44,Male,White,Some College/Associates,Medium,0
238,18-29,Male,Asian,Some College/Associates,Medium,1
239,45-59,Male,Black,Some College/Associates,High,0
240,18-29,Male,White,Bachelor,High,1
241,60+,Female,White,Bachelor,High,0
242,60+,Female,White,High School or Less,Low,0
243,60+,Female,White,High School or Less,Medium,0
244,30-44,Male,Black,Graduate,Medium,1
245,18-29,Male,Black,High School or Less,High,1
246,60+,Male,White,High School or Less,Medium,0
247,30-44,Male,White,High School or Less,Low,1
248,60+,Male,White,High School or Less,High,0
249,60+,Female,Hispanic,Some College/Associates,Medium,0
250,60+,Male,Black,Bachelor,Low,0
251,30-44,Female,White,Some College/Associates,Medium,1
252,30-44,Male,White,Some College/Associates,Low,0
253,60+,Male,Black,Bachelor,Low,1
254,30-44,Male,White,Some College/Associates,Low,1
255,18-29,Female,White,Graduate,Medium,1
256,30-44,Female,White,Graduate,Medium,0
257,60+,Female,Black,High School or Less,Medium,0
258,45-59,Male,White,Bachelor,Medium,0
259,30-44,Male,White,Some College/Associates,High,0
260,18-29,Female,Hispanic,Graduate,Low,1
261,45-59,Male,White,Some College/Associates,Low,0
262,60+,Female,White,Graduate,High,1
263,18-29,Male,White,Bachelor,Low,1
264,30-44,Male,White,High School or Less,High,0
265,60+,Male,Hispanic,Some College/Associates,High,0
266,45-59,Male,White,Graduate,Medium,1
267,45-59,Female,White,Graduate,High,1
268,45-59,Male,White,High School or Less,Low,1
269,30-44,Male,Black,Bachelor,Low,1
270,30-44,Male,Black,Some College/Associates,Medium,0
271,45-59,Male,White,High School or Less,Low,1
272,45-59,Female,White,Some College/Associates,High,0
273,60+,Female,Hispanic,High School or Less,Low,0
274,60+,Female,White,Bachelor,Medium,1
275,30-44,Female,Hispanic,Some College/Associates,Medium,1
276,30-44,Male,Hispanic,Bachelor,Medium,1
277,45-59,Female,Hispanic,High School or Less,Low,0
278,45-59,Male,White,Some College/Associates,Low,0
279,45-59,Male,White,High School or Less,High,0
280,45-59,Female,Hispanic,High School or Less,Low,0
281,60+,Male,White,High School or Less,High,1
282,30-44,Female,White,High School or Less,Medium,1
283,30-44,Male,Hispanic,Some College/Associates,High,0
284,18-29,Female,Hispanic,High School or Less,Medium,1
285,30-44,Female,White,Some College/Associates,Low,0
286,18-29,Female,White,Some College/Associates,Medium,1
287,30-44,Female,White,Graduate,High,1
288,30-44,Female,Hispanic,Graduate,Medium,0
289,30-44,Male,Asian,Some College/Associates,High,1
290,30-44,Female,White,Some College/Associates,Medium,1
291,18-29,Male,White,High School or Less,Low,1
292,18-29,Female,Hispanic,Graduate,Low,1
293,45-59,Female,White,High School or Less,High,1
294,30-44,Female,White,High School or Less,Low,0
295,18-29,Male,Other,High School or Less,High,0
296,30-44,Male,White,Some College/Associates,High,1
297,45-59,Female,Black,High School or Less,Low,1
298,18-29,Male,White,Bachelor,Low,1
299,45-59,Male,White,High School or Less,Medium,1
300,18-29,Male,Hispanic,Bachelor,Low,1
301,18-29,Female,White,High School or Less,High,1
302,30-44,Female,Other,High School or Less,Medium,1
303,30-44,Male,White,Graduate,Medium,0
304,45-59,Male,White,High School or Less,High,1
305,45-59,Male,White,Bachelor,Low,1
306,60+,Female,White,Some College/Associates,Medium,1
307,30-44,Female,White,High School or Less,Low,0
308,30-44,Male,White,Graduate,Low,0
309,45-59,Male,White,High School or Less,Medium,1
310,30-44,Male,White,Graduate,High,1
311,30-44,Female,Hispanic,High School or Less,Low,1
312,18-29,Female,Black,Graduate,Medium,1
313,18-29,Male,Black,High School or Less,Medium,1
314,60+,Male,White,Some College/Associates,Low,1
315,45-59,Male,White,Bachelor,Low,1
316,45-59,Female,Black,Graduate,High,1
317,30-44,Male,White,Graduate,Medium,1
318,18-29,Female,White,Bachelor,Medium,0
319,18-29,Female,Hispanic,Graduate,Medium,0
320,30-44,Male,Hispanic,High School or Less,Low,0
321,30-44,Male,White,High School or Less,Medium,1
322,45-59,Male,White,High School or Less,Medium,1
323,45-59,Female,Hispanic,Some College/Associates,Medium,1
324,30-44,Female,White,Some College/Associates,Low,0
325,60+,Female,Hispanic,Some College/Associates,Low,0
326,45-59,Female,Hispanic,High School or Less,Low,1
327,30-44,Male,Hispanic,Bachelor,High,0
328,45-59,Female,White,High School or Less,Medium,1
329,30-44,Female,White,Some College/Associates,Medium,1
330,18-29,Male,Black,Some College/Associates,Low,1
331,30-44,Female,Black,Bachelor,Low,1
332,45-59,Female,Hispanic,Bachelor,Medium,1
333,18-29,Female,White,Bachelor,Medium,1
334,18-29,Female,White,High School or Less,Medium,0
335,18-29,Female,Hispanic,Some College/Associates,Low,1
336,18-29,Female,Hispanic,High School or Less,Medium,1
337,60+,Male,Asian,Some College/Associates,Low,0
338,45-59,Male,Hispanic,Some College/Associates,Low,0
339,30-44,Female,White,High School or Less,Medium,1
340,18-29,Male,Black,High School or Less,Low,0
341,30-44,Male,Hispanic,Graduate,Low,1
342,30-44,Male,White,Graduate,Medium,1
343,18-29,Male,Black,Some College/Associates,Medium,1
344,30-44,Female,White,High School or Less,High,1
345,30-44,Female,White,High School or Less,Medium,0
346,45-59,Male,Black,Some College/Associates,Low,0
347,45-59,Male,White,Graduate,Low,0
348,18-29,Male,White,High School or Less,High,1
349,30-44,Female,White,Bachelor,Medium,1
350,45-59,Female,White,High School or Less,Medium,1
351,30-44,Male,White,Graduate,Low,1
352,60+,Female,White,Some College/Associates,Medium,0
353,45-59,Female,Asian,Bachelor,Low,0
354,18-29,Female,White,Some College/Associates,Medium,1
355,18-29,Female,White,Bachelor,High,1
356,45-59,Male,White,High School or Less,High,1
357,18-29,Female,Black,High School or Less,Medium,1
358,30-44,Male,White,Graduate,Medium,1
359,60+,Female,Hispanic,Graduate,High,1
360,30-44,Female,Black,Graduate,Medium,1
361,30-44,Female,Hispanic,Bachelor,Low,1
362,45-59,Female,White,Bachelor,Medium,1
363,30-44,Male,Black,High School or Less,Low,1
364,30-44,Female,White,Some College/Associates,Medium,0
365,60+,Female,Asian,Some College/Associates,Medium,1
366,30-44,Female,Black,Bachelor,Medium,0
367,60+,Male,White,Some College/Associates,Low,1
368,60+,Male,White,High School or Less,Low,1
369,18-29,Male,White,Some College/Associates,Medium,1
370,18-29,Female,Black,Bachelor,High,1
371,18-29,Female,White,Some College/Associates,Medium,0
372,18-29,Male,White,High School or Less,Low,1
373,18-29,Female,White,High School or Less,High,0
374,45-59,Female,Black,High School or Less,High,0
375,18-29,Female,Hispanic,High School or Less,Low,1
376,30-44,Female,Hispanic,Bachelor,Low,1
377,45-59,Female,Hispanic,Bachelor,Medium,0
378,18-29,Female,White,Bachelor,High,1
379,45-59,Male,White,Some College/Associates,High,0
380,30-44,Female,Black,Bachelor,High,1
381,18-29,Female,White,High School or Less,Medium,1
382,45-59,Female,White,Some College/Associates,Medium,1
383,45-59,Female,White,Bachelor,Low,1
384,60+,Female,White,High School or Less,Low,1
385,45-59,Male,White,High School or Less,Medium,1
386,45-59,Male,Hispanic,Graduate,Medium,0
387,30-44,Male,White,Some College/Associates,Medium,1
388,18-29,Male,White,Bachelor,Medium,1
389,45-59,Female,White,High School or Less,Low,1
390,45-59,Other,Black,Bachelor,Medium,1
391,60+,Male,White,Some College/Associates,Low,1
392,30-44,Male,Hispanic,High School or Less,Medium,1
393,30-44,Female,Hispanic,Bachelor,High,0
394,45-59,Male,White,High School or Less,Medium,1
395,30-44,Female,Asian,Some College/Associates,High,1
396,60+,Female,Other,High School or Less,Low,1
397,60+,Female,Hispanic,High School or Less,Medium,1
398,30-44,Male,Hispanic,High School or Less,Low,1
399,45-59,Male,White,High School or Less,Medium,1
400,45-59,Female,White,Graduate,High,0
401,18-29,Female,White,High School or Less,Medium,0
402,60+,Male,White,Some College/Associates,High,1
403,30-44,Female,Other,High School or Less,Low,1
404,45-59,Male,White,Some College/Associates,High,0
405,30-44,Female,Hispanic,Graduate,Low,1
406,60+,Male,Hispanic,High School or Less,High,0
407,30-44,Female,Hispanic,Graduate,Low,1
408,18-29,Male,Other,High School or Less,Low,0
409,60+,Male,White,Bachelor,Medium,1
410,18-29,Male,White,Some College/Associates,High,1
411,30-44,Male,White,Graduate,Low,0
412,60+,Female,White,Some College/Associates,Low,1
413,60+,Other,White,Some College/Associates,High,1
414,30-44,Male,White,High School or Less,Low,1
415,45-59,Male,Hispanic,High School or Less,Low,0
416,30-44,Female,White,Graduate,Medium,1
417,30-44,Female,White,Some College/Associates,Low,0
418,30-44,Female,Black,Some College/Associates,High,1
419,45-59,Male,White,Bachelor,High,1
420,45-59,Male,White,Some College/Associates,Medium,1
421,45-59,Female,Hispanic,Graduate,High,0
422,45-59,Male,Black,Bachelor,Medium,0
423,18-29,Female,Hispanic,Some College/Associates,Low,1
424,30-44,Male,White,Graduate,Low,1
425,18-29,Female,Hispanic,High School or Less,Medium,0
426,30-44,Male,Black,High School or Less,Low,1
427,30-44,Female,White,Some College/Associates,High,0
428,60+,Male,Black,High School or Less,High,0
429,30-44,Female,Hispanic,Bachelor,Low,0
430,18-29,Male,White,Graduate,Medium,1
431,18-29,Female,White,Some College/Associates,Medium,0
432,45-59,Female,Other,Some College/Associates,High,0
433,45-59,Female,Hispanic,Graduate,High,1
434,18-29,Female,White,Some College/Associates,Medium,1
435,18-29,Female,Black,Some College/Associates,High,1
436,45-59,Female,White,Some College/Associates,Medium,1
437,18-29,Male,White,Graduate,Medium,1
438,45-59,Female,White,Some College/Associates,Low,0
439,45-59,Female,Asian,Bachelor,Low,1
440,18-29,Male,Asian,Bachelor,Medium,1
441,18-29,Male,White,Some College/Associates,Low,1
442,60+,Male,White,Some College/Associates,Low,0
443,30-44,Female,White,Bachelor,Medium,0
444,30-44,Female,Other,Some College/Associates,Low,1
445,45-59,Female,Other,Bachelor,Medium,1
446,60+,Female,Black,Graduate,Medium,1
447,60+,Male,Hispanic,Bachelor,High,0
448,45-59,Male,Black,Bachelor,Medium,0
449,30-44,Male,White,Bachelor,Low,0
450,18-29,Male,White,Bachelor,Medium,1
451,45-59,Male,White,Some College/Associates,High,0
452,30-44,Male,Black,High School or Less,High,1
453,30-44,Female,Black,Some College/Associates,Medium,0
454,60+,Female,White,Bachelor,Low,1
455,18-29,Other,Asian,Some College/Associates,High,0
456,30-44,Female,White,Bachelor,Low,1
457,18-29,Female,White,Some College/Associates,Medium,0
458,30-44,Male,Black,Bachelor,Medium,0
459,18-29,Female,Black,High School or Less,Low,1
460,18-29,Female,Black,Bachelor,Low,1
461,18-29,Male,White,Some College/Associates,Low,0
462,45-59,Male,White,High School or Less,Medium,1
463,45-59,Female,Black,High School or Less,High,1
464,30-44,Male,White,Bachelor,Low,1
465,60+,Female,White,Some College/Associates,High,0
466,30-44,Female,Black,High School or Less,Low,1
467,30-44,Male,White,Graduate,Medium,1
468,60+,Male,Black,Bachelor,Low,1
469,18-29,Male,Hispanic,Graduate,High,1
470,60+,Male,White,Some College/Associates,High,0
471,18-29,Male,White,Some College/Associates,Medium,0
472,60+,Female,Hispanic,Graduate,High,0
473,18-29,Male,Black,Some College/Associates,Medium,1
474,60+,Female,Black,Bachelor,High,0
475,30-44,Male,Hispanic,High School or Less,Medium,1
476,60+,Female,Hispanic,Some College/Associates,High,1
477,18-29,Male,Other,High School or Less,Medium,0
478,30-44,Male,White,High School or Less,Low,0
479,60+,Female,White,High School or Less,Medium,0
480,30-44,Female,White,High School or Less,Low,0
481,45-59,Male,White,Graduate,Medium,1
482,45-59,Female,White,High School or Less,Medium,1
483,30-44,Male,White,Bachelor,Medium,0
484,45-59,Male,Asian,Bachelor,Low,1
485,30-44,Male,White,Some College/Associates,Low,1
486,60+,Male,White,High School or Less,Medium,0
487,18-29,Female,White,Bachelor,High,0
488,30-44,Female,White,Bachelor,Low,1
489,60+,Male,White,Bachelor,Medium,0
490,60+,Female,White,Bachelor,Medium,0
491,30-44,Female,White,Graduate,Medium,1
492,45-59,Male,Black,Some College/Associates,Low,1
493,30-44,Female,Hispanic,Some College/Associates,Medium,1
494,18-29,Male,Hispanic,Bachelor,Low,1
495,30-44,Female,Black,High School or Less,High,1
496,30-44,Female,White,Graduate,Low,1
497,30-44,Female,Hispanic,High School or Less,Low,1
498,18-29,Male,Hispanic,Some College/Associates,Low,1
499,60+,Male,White,Bachelor,Low,0
500,60+,Male,Hispanic,Some College/Associates,High,1
501,45-59,Male,White,Some College/Associates,Low,0
502,30-44,Male,Hispanic,Some College/Associates,Low,0
503,30-44,Female,Other,Graduate,Medium,1
504,45-59,Male,White,Some College/Associates,Low,0
505,45-59,Male,Hispanic,Graduate,Low,1
506,18-29,Female,Black,High School or Less,High,1
507,60+,Male,Other,Bachelor,High,0
508,45-59,Female,White,Bachelor,High,1
509,60+,Male,Hispanic,High School or Less,High,0
510,45-59,Male,White,Some College/Associates,Medium,1
511,45-59,Male,White,High School or Less,Low,0
512,30-44,Male,White,Bachelor,High,1
513,60+,Female,Other,Some College/Associates,High,0
514,60+,Male,Hispanic,Bachelor,High,1
515,18-29,Female,Hispanic,High School or Less,Medium,0
516,18-29,Male,Asian,High School or Less,Low,0
517,30-44,Male,White,High School or Less,High,1
518,45-59,Female,White,Some College/Associates,Medium,0
519,60+,Male,White,Some College/Associates,High,1
520,18-29,Female,White,Graduate,Low,0
521,30-44,Female,White,Bachelor,Low,1
522,30-44,Female,White,Some College/Associates,Low,0
523,60+,Female,White,Graduate,High,0
524,45-59,Male,White,Bachelor,Low,1
525,45-59,Male,White,Graduate,Low,1
526,30-44,Male,White,Some College/Associates,High,1
527,30-44,Female,Other,High School or Less,Low,0
528,30-44,Female,Hispanic,High School or Less,High,1
529,18-29,Male,Other,Bachelor,Low,1
530,60+,Female,White,High School or Less,High,0
531,45-59,Male,White,Some College/Associates,Medium,1
532,60+,Female,Hispanic,Some College/Associates,High,0
533,60+,Male,White,Some College/Associates,High,1
534,30-44,Female,White,Bachelor,Low,1
535,45-59,Female,White,High School or Less,Low,0
536,60+,Male,White,Some College/Associates,Low,1
537,45-59,Male,White,Bachelor,Medium,1
538,18-29,Male,White,Graduate,High,0
539,30-44,Male,Black,Bachelor,Medium,1
540,18-29,Male,White,Graduate,Medium,0
541,60+,Female,White,Bachelor,Low,0
542,45-59,Female,Hispanic,Some College/Associates,High,1
543,18-29,Female,White,High School or Less,High,1
544,45-59,Male,White,Bachelor,Low,0
545,45-59,Female,Hispanic,Bachelor,Medium,1
546,30-44,Female,White,Bachelor,Low,1
547,18-29,Male,White,Some College/Associates,Medium,0
548,45-59,Female,White,Some College/Associates,Medium,1
549,30-44,Female,White,Some College/Associates,Low,0
550,45-59,Male,White,Some College/Associates,Medium,1
551,30-44,Male,Hispanic,High School or Less,Low,1
552,60+,Male,White,Bachelor,Medium,1
553,30-44,Male,White,High School or Less,Medium,0
554,30-44,Female,White,High School or Less,Low,0
555,60+,Female,White,Some College/Associates,High,0
556,30-44,Female,Black,Bachelor,Medium,1
557,18-29,Male,White,Some College/Associates,Low,1
558,18-29,Male,White,High School or Less,Low,1
559,45-59,Female,White,Some College/Associates,High,1
560,45-59,Female,White,Some College/Associates,High,1
561,45-59,Male,White,Graduate,Low,0
562,18-29,Female,Hispanic,Graduate,Low,1
563,18-29,Female,White,Some College/Associates,Low,0
564,18-29,Male,White,Some College/Associates,Medium,1
565,30-44,Male,White,Bachelor,Low,0
566,30-44,Female,Hispanic,High School or Less,Low,1
567,30-44,Male,White,Some College/Associates,Medium,1
568,30-44,Male,Black,Some College/Associates,Medium,1
569,60+,Male,Hispanic,Graduate,Low,1
570,30-44,Male,Hispanic,High School or Less,Medium,1
571,30-44,Female,White,Some College/Associates,Medium,1
572,45-59,Female,White,Bachelor,Low,1
573,30-44,Male,Hispanic,Some College/Associates,Low,0
574,45-59,Female,Other,High School or Less,High,0
575,60+,Female,Hispanic,Graduate,Low,0
576,60+,Female,White,Some College/Associates,Medium,1
577,18-29,Male,White,Bachelor,High,1
578,60+,Male,White,High School or Less,Low,0
579,30-44,Female,Hispanic,Some College/Associates,Low,1
580,30-44,Female,White,Some College/Associates,Medium,1
581,30-44,Male,White,High School or Less,High,1
582,60+,Male,Hispanic,High School or Less,High,1
583,30-44,Male,White,Bachelor,Medium,1
584,30-44,Female,Hispanic,High School or Less,Low,1
585,45-59,Female,White,High School or Less,Medium,0
586,18-29,Female,White,Some College/Associates,Medium,0
587,18-29,Male,White,Bachelor,Medium,0
588,18-29,Female,Hispanic,High School or Less,Low,1
589,18-29,Female,White,Some College/Associates,Low,1
590,18-29,Male,White,High School or Less,High,0
591,18-29,Female,Asian,High School or Less,Medium,0
592,45-59,Female,White,High School or Less,Low,1
593,18-29,Male,White,Bachelor,Low,1
594,30-44,Female,White,High School or Less,High,0
595,60+,Male,White,High School or Less,Medium,1
596,30-44,Female,Black,Some College/Associates,Low,0
597,45-59,Female,White,Bachelor,Low,1
598,18-29,Female,White,High School or Less,Low,1
599,18-29,Female,White,Some College/Associates,High,1
600,18-29,Male,Black,High School or Less,Medium,0
601,18-29,Female,White,Some College/Associates,Medium,0
602,30-44,Female,White,Some College/Associates,Medium,0
603,18-29,Male,White,Some College/Associates,Low,1
604,18-29,Female,White,Some College/Associates,High,1
605,18-29,Female,White,Some College/Associates,Medium,0
606,30-44,Male,White,High School or Less,Low,0
607,18-29,Female,Hispanic,Some College/Associates,Low,1
608,30-44,Female,White,High School or Less,Medium,1
609,30-44,Male,Asian,Bachelor,High,0
610,45-59,Female,Other,Graduate,Low,0
611,18-29,Male,White,Graduate,High,1
612,45-59,Male,White,Graduate,High,1
613,45-59,Male,White,Bachelor,Low,0
614,18-29,Female,Hispanic,Bachelor,Low,0
615,60+,Female,White,High School or Less,Low,0
616,60+,Male,White,Bachelor,Medium,1
617,18-29,Male,White,Some College/Associates,Low,0
618,30-44,Female,Hispanic,Some College/Associates,Low,1
619,45-59,Male,Hispanic,Bachelor,Medium,1
620,45-59,Female,White,High School or Less,Medium,1
621,18-29,Female,Black,Some College/Associates,Low,1
622,18-29,Female,White,Graduate,Medium,1
623,30-44,Female,White,High School or Less,Medium,1
624,30-44,Male,Hispanic,Some College/Associates,Medium,0
625,45-59,Female,White,Graduate,High,1
626,30-44,Female,White,Bachelor,Low,1
627,30-44,Female,White,Some College/Associates,High,1
628,45-59,Male,Hispanic,High School or Less,Medium,0
629,18-29,Female,Hispanic,Some College/Associates,Medium,0
630,30-44,Male,Black,Graduate,Medium,1
631,45-59,Male,Hispanic,Some College/Associates,Medium,0
632,60+,Male,White,Some College/Associates,Low,0
633,30-44,Female,White,High School or Less,Medium,0
634,30-44,Female,White,High School or Less,Medium,1
635,18-29,Female,White,Graduate,Medium,0
636,30-44,Female,White,Some College/Associates,Low,1
637,30-44,Male,Asian,Bachelor,High,1
638,18-29,Female,White,High School or Less,Medium,0
639,30-44,Male,White,Bachelor,Low,1
640,30-44,Female,White,Graduate,Medium,1
641,18-29,Female,White,Some College/Associates,High,1
642,30-44,Female,Asian,High School or Less,High,0
643,18-29,Female,White,Some College/Associates,Medium,0
644,30-44,Male,White,Bachelor,High,1
645,18-29,Male,Hispanic,Some College/Associates,Low,0
646,60+,Female,White,Graduate,Medium,1
647,30-44,Male,White,Bachelor,High,1
648,45-59,Male,White,Graduate,High,0
649,45-59,Female,White,Bachelor,Medium,1
650,30-44,Female,Other,High School or Less,High,1
651,18-29,Male,Hispanic,Some College/Associates,Low,1
652,30-44,Male,White,High School or Less,High,0
653,30-44,Female,Hispanic,Graduate,Low,1
654,45-59,Female,White,Bachelor,Low,0
655,30-44,Male,White,Bachelor,Low,0
656,18-29,Male,White,Some College/Associates,Medium,1
657,30-44,Male,White,High School or Less,Low,0
658,30-44,Male,White,Bachelor,Low,1
659,45-59,Male,Black,Some College/Associates,Low,1
660,30-44,Female,Asian,High School or Less,Low,0
661,30-44,Female,White,Bachelor,Medium,0
662,60+,Female,White,High School or Less,Medium,1
663,45-59,Male,White,Some College/Associates,Low,1
664,18-29,Female,White,Some College/Associates,Medium,1
665,18-29,Male,White,High School or Less,High,1
666,18-29,Female,White,Graduate,High,1
667,18-29,Female,Hispanic,High School or Less,Low,0
668,18-29,Male,White,High School or Less,Medium,0
669,18-29,Female,White,High School or Less,Low,1
670,30-44,Male,White,Bachelor,Low,1
671,18-29,Female,White,Some College/Associates,Low,0
672,60+,Male,White,Some College/Associates,High,0
673,18-29,Male,Hispanic,High School or Less,Low,1
674,30-44,Female,White,High School or Less,Low,1
675,30-44,Male,Black,Some College/Associates,Low,0
676,60+,Female,White,Bachelor,High,1
677,18-29,Male,White,Graduate,Medium,1
678,30-44,Female,White,High School or Less,Low,0
679,60+,Female,Hispanic,Some College/Associates,Medium,0
680,60+,Female,White,Graduate,Medium,1
681,45-59,Male,Hispanic,Some College/Associates,Medium,1
682,30-44,Male,White,Bachelor,Low,1
683,18-29,Male,Hispanic,High School or Less,High,1
684,45-59,Male,White,Graduate,Low,0
685,60+,Female,Black,Bachelor,Medium,1
686,30-44,Female,White,Graduate,Low,1
687,30-44,Female,Asian,Bachelor,Low,1
688,30-44,Female,White,Some College/Associates,Low,0
689,45-59,Female,White,Graduate,Medium,1
690,18-29,Female,White,High School or Less,Low,1
691,30-44,Male,Hispanic,Some College/Associates,High,0
692,30-44,Female,White,Bachelor,Low,1
693,30-44,Female,Hispanic,Bachelor,Medium,1
694,18-29,Female,White,Graduate,High,1
695,18-29,Male,White,High School or Less,Medium,1
696,45-59,Male,White,Bachelor,Medium,1
697,30-44,Male,Other,Bachelor,Medium,0
698,30-44,Female,Black,High School or Less,Low,1
699,18-29,Female,Asian,Some College/Associates,High,1
700,30-44,Male,White,High School or Less,Low,1
701,30-44,Female,Black,Some College/Associates,Medium,1
702,18-29,Male,Black,Graduate,Medium,1
703,30-44,Male,White,Bachelor,Low,0
704,18-29,Male,Hispanic,Bachelor,Low,1
705,18-29,Female,Asian,Graduate,Medium,0
706,60+,Female,Hispanic,Some College/Associates,High,1
707,30-44,Male,Hispanic,Bachelor,High,1
708,45-59,Female,White,Some College/Associates,Medium,1
709,30-44,Male,White,Graduate,Medium,1
710,45-59,Female,Other,High School or Less,High,1
711,45-59,Female,White,Graduate,Low,1
712,30-44,Female,Black,High School or Less,Low,0
713,30-44,Male,Black,Some College/Associates,Medium,1
714,30-44,Female,Black,Bachelor,High,1
715,30-44,Female,Other,Some College/Associates,High,1
716,60+,Male,White,Bachelor,Medium,1
717,45-59,Female,White,Some College/Associates,Low,0
718,60+,Male,White,Bachelor,Medium,1
719,18-29,Female,White,High School or Less,Low,1
720,45-59,Male,White,High School or Less,Low,0
721,60+,Female,White,High School or Less,High,0
722,18-29,Female,Hispanic,Some College/Associates,Low,1
723,18-29,Male,Asian,High School or Less,High,1
724,45-59,Male,White,Some College/Associates,Medium,0
725,30-44,Male,White,Some College/Associates,Medium,1
726,45-59,Male,Asian,High School or Less,Low,0
727,18-29,Male,White,Some College/Associates,Low,1
728,45-59,Female,White,Graduate,Low,1
729,18-29,Male,White,High School or Less,High,1
730,18-29,Male,White,Some College/Associates,High,1
731,18-29,Female,White,Bachelor,Medium,1
732,45-59,Male,Other,Some College/Associates,Low,1
733,45-59,Female,White,Bachelor,High,0
734,30-44,Female,White,Some College/Associates,Low,0
735,30-44,Female,White,Some College/Associates,Low,1
736,60+,Female,White,High School or Less,Medium,0
737,30-44,Female,Black,Bachelor,High,0
738,45-59,Male,Hispanic,Bachelor,Low,0
739,30-44,Male,Hispanic,High School or Less,Low,0
740,30-44,Male,White,Some College/Associates,High,1
741,30-44,Female,Asian,Graduate,Low,0
742,30-44,Male,Hispanic,Some College/Associates,Low,0
743,45-59,Female,Hispanic,Some College/Associates,Medium,1
744,30-44,Other,White,Graduate,High,1
745,18-29,Female,White,Bachelor,Medium,1
746,60+,Female,White,Some College/Associates,High,0
747,30-44,Male,Black,Bachelor,Medium,1
748,30-44,Female,White,Graduate,Low,1
749,60+,Female,White,Some College/Associates,High,0
750,45-59,Male,Hispanic,Some College/Associates,Medium,0
751,18-29,Male,Hispanic,Some College/Associates,Low,0
752,60+,Female,Asian,Graduate,Medium,0
753,45-59,Female,White,Bachelor,Low,1
754,30-44,Female,Black,High School or Less,Low,0
755,18-29,Female,White,Graduate,Low,1
756,45-59,Female,White,Some College/Associates,Medium,0
757,45-59,Female,White,High School or Less,High,1
758,30-44,Male,White,Some College/Associates,Medium,0
759,60+,Male,White,Some College/Associates,High,0
760,45-59,Male,Hispanic,Graduate,Low,0
761,18-29,Female,White,High School or Less,Low,1
762,30-44,Female,Hispanic,Bachelor,Low,1
763,18-29,Female,White,Some College/Associates,Low,0
764,45-59,Male,White,High School or Less,Low,1
765,18-29,Female,White,Graduate,High,0
766,30-44,Female,White,Some College/Associates,High,1
767,45-59,Female,White,High School or Less,High,0
768,60+,Female,White,Some College/Associates,Low,1
769,30-44,Male,White,Graduate,High,1
770,45-59,Female,White,Some College/Associates,Low,0
771,18-29,Male,White,High School or Less,Low,1
772,45-59,Male,Asian,High School or Less,High,1
773,18-29,Male,White,High School or Less,Medium,1
774,30-44,Female,Hispanic,Bachelor,Low,0
775,45-59,Female,Black,Some College/Associates,Medium,1
776,18-29,Female,Asian,High School or Less,Low,0
777,18-29,Female,Hispanic,High School or Less,Medium,1
778,45-59,Female,White,Some College/Associates,Medium,1
779,45-59,Female,Black,Graduate,High,1
780,45-59,Male,Hispanic,Some College/Associates,Low,1
781,45-59,Male,White,Graduate,Low,1
782,30-44,Male,White,Some College/Associates,Medium,0
783,30-44,Male,White,High School or Less,Medium,0
784,30-44,Male,Hispanic,Graduate,Low,1
785,18-29,Male,Hispanic,Some College/Associates,Medium,0
786,60+,Male,White,Bachelor,High,0
787,30-44,Female,White,Graduate,High,1
788,30-44,Male,White,High School or Less,High,1
789,30-44,Male,White,High School or Less,High,1
790,60+,Male,Other,Bachelor,Medium,1
791,18-29,Female,White,High School or Less,High,0
792,30-44,Male,White,High School or Less,Low,0
793,30-44,Male,White,High School or Less,Low,1
794,45-59,Female,Hispanic,High School or Less,Low,0
795,18-29,Male,White,Bachelor,Medium,0
796,60+,Male,Black,High School or Less,Low,1
797,60+,Male,White,Some College/Associates,High,0
798,30-44,Male,White,Bachelor,Low,0
799,45-59,Male,White,Some College/Associates,Low,1
800,60+,Male,White,High School or Less,Medium,0
801,45-59,Female,White,Bachelor,Low,0
802,18-29,Female,Asian,High School or Less,Low,1
803,30-44,Female,Hispanic,Bachelor,Low,0
804,45-59,Male,Other,Graduate,Medium,1
805,30-44,Female,White,Some College/Associates,Medium,1
806,45-59,Male,Other,Some College/Associates,High,1
807,60+,Male,White,Some College/Associates,Medium,1
808,60+,Female,White,Some College/Associates,Medium,1
809,30-44,Male,White,Graduate,Low,1
810,18-29,Male,White,Graduate,Low,1
811,60+,Female,Black,Some College/Associates,High,1
812,45-59,Female,White,Bachelor,Low,1
813,18-29,Female,White,Graduate,Low,1
814,60+,Female,Black,Graduate,High,0
815,60+,Other,White,Some College/Associates,Medium,1
816,30-44,Male,White,Some College/Associates,Low,1
817,30-44,Male,White,High School or Less,Low,0
818,30-44,Male,Hispanic,Graduate,High,0
819,18-29,Male,Hispanic,High School or Less,High,0
820,30-44,Male,White,Some College/Associates,Medium,1
821,45-59,Female,White,High School or Less,Medium,1
822,18-29,Female,White,High School or Less,Medium,0
823,30-44,Female,Hispanic,Some College/Associates,High,1
824,30-44,Male,White,Graduate,High,1
825,30-44,Female,White,High School or Less,Low,1
826,60+,Female,White,Some College/Associates,High,0
827,30-44,Female,White,High School or Less,Low,1
828,30-44,Male,White,High School or Less,Low,0
829,45-59,Female,Hispanic,Some College/Associates,Medium,0
830,30-44,Male,White,Some College/Associates,Medium,1
831,18-29,Male,White,High School or Less,High,0
832,30-44,Male,Hispanic,Some College/Associates,Low,0
833,18-29,Female,Hispanic,High School or Less,Medium,0
834,18-29,Female,White,Some College/Associates,High,1
835,30-44,Male,White,Graduate,High,0
836,30-44,Male,White,Graduate,Low,1
837,60+,Male,Asian,Some College/Associates,Low,0
838,30-44,Male,White,Some College/Associates,Medium,1
839,30-44,Male,Asian,Graduate,Low,1
840,45-59,Male,Black,High School or Less,High,0
841,18-29,Female,White,Bachelor,High,0
842,45-59,Male,White,Graduate,Low,1
843,18-29,Male,White,High School or Less,Low,1
844,60+,Male,White,High School or Less,Low,1
845,18-29,Female,White,Graduate,High,0
846,30-44,Female,Black,Some College/Associates,Low,0
847,18-29,Female,Other,High School or Less,Medium,0
848,60+,Male,White,High School or Less,Medium,1
849,30-44,Female,Black,Some College/Associates,Medium,1
850,30-44,Male,White,Bachelor,Low,0
851,18-29,Female,White,Bachelor,Low,0
852,45-59,Female,White,Graduate,High,1
853,18-29,Female,Black,High School or Less,High,0
854,60+,Female,Asian,Some College/Associates,High,1
855,18-29,Female,Black,Some College/Associates,Low,1
856,18-29,Male,White,Some College/Associates,Low,1
857,18-29,Female,White,High School or Less,Medium,1
858,30-44,Male,White,Graduate,Low,1
859,30-44,Female,White,Graduate,High,1
860,18-29,Male,Hispanic,Some College/Associates,Medium,1
861,45-59,Male,Hispanic,Bachelor,Low,0
862,30-44,Male,Black,High School or Less,High,1
863,30-44,Male,White,Some College/Associates,High,1
864,30-44,Male,White,Bachelor,Low,1
865,30-44,Female,White,Some College/Associates,Medium,1
866,30-44,Male,White,Graduate,Low,0
867,18-29,Male,White,Bachelor,Low,1
868,18-29,Female,Black,Some College/Associates,Low,0
869,60+,Male,Black,Bachelor,Medium,0
870,60+,Female,White,High School or Less,High,1
871,30-44,Female,White,Some College/Associates,Medium,1
872,30-44,Female,White,Some College/Associates,Low,1
873,45-59,Female,White,Some College/Associates,Medium,1
874,30-44,Male,Hispanic,Bachelor,Low,0
875,18-29,Female,White,Some College/Associates,High,1
876,18-29,Male,White,Bachelor,Medium,1
877,45-59,Male,White,Some College/Associates,Low,1
878,45-59,Female,Hispanic,Some College/Associates,Low,0
879,18-29,Male,White,Bachelor,High,1
880,18-29,Female,White,High School or Less,Low,1
881,18-29,Female,White,High School or Less,High,1
882,45-59,Female,Hispanic,Some College/Associates,Low,0
883,18-29,Female,Asian,High School or Less,Low,0
884,18-29,Male,White,High School or Less,Medium,0
885,45-59,Male,Hispanic,Bachelor,High,1
886,18-29,Female,Asian,Some College/Associates,High,1
887,45-59,Male,Asian,Some College/Associates,Low,0
888,18-29,Female,Black,Graduate,Low,1
889,18-29,Female,Black,Some College/Associates,Low,0
890,18-29,Female,White,Graduate,Medium,1
891,45-59,Male,Hispanic,High School or Less,Medium,0
892,60+,Male,White,Some College/Associates,High,1
893,45-59,Male,Black,Graduate,High,0
894,30-44,Male,White,Some College/Associates,Low,0
895,45-59,Female,Hispanic,Bachelor,Medium,0
896,18-29,Male,Hispanic,Some College/Associates,High,0
897,30-44,Male,White,High School or Less,High,1
898,60+,Male,Hispanic,Some College/Associates,Low,0
899,18-29,Female,White,Some College/Associates,Low,0
900,18-29,Female,Hispanic,Graduate,Medium,0
901,18-29,Male,White,High School or Less,Low,1
902,18-29,Male,White,Graduate,Low,0
903,18-29,Male,Asian,Graduate,Low,1
904,30-44,Male,White,High School or Less,Medium,1
905,30-44,Female,Hispanic,Some College/Associates,Low,1
906,60+,Female,White,Graduate,Low,1
907,45-59,Male,White,Graduate,Low,1
908,30-44,Male,White,Some College/Associates,High,1
909,30-44,Female,White,Some College/Associates,High,1
910,30-44,Male,White,Some College/Associates,Medium,1
911,30-44,Female,White,Bachelor,Medium,1
912,30-44,Male,White,High School or Less,High,0
913,45-59,Male,White,Bachelor,Low,1
914,30-44,Male,Other,High School or Less,Low,1
915,30-44,Female,Other,High School or Less,Low,1
916,30-44,Female,White,Some College/Associates,Low,1
917,30-44,Male,Hispanic,Some College/Associates,Low,0
918,60+,Male,White,Some College/Associates,High,1
919,45-59,Male,Black,Some College/Associates,Medium,0
920,18-29,Male,Hispanic,Some College/Associates,Medium,1
921,60+,Male,Asian,High School or Less,High,0
922,30-44,Male,White,Some College/Associates,Low,1
923,60+,Female,Hispanic,Graduate,Low,1
924,45-59,Male,White,Some College/Associates,Medium,1
925,30-44,Male,Other,Some College/Associates,Medium,1
926,18-29,Female,White,Some College/Associates,Low,1
927,30-44,Male,Black,Graduate,Medium,1
928,30-44,Female,Black,High School or Less,Medium,0
929,45-59,Male,Black,Bachelor,Medium,1
930,30-44,Female,White,Bachelor,Medium,1
931,18-29,Female,Asian,Bachelor,Low,1
932,45-59,Female,White,High School or Less,Low,0
933,60+,Female,Black,Bachelor,Medium,1
934,30-44,Male,White,High School or Less,Low,0
935,18-29,Female,White,Some College/Associates,High,0
936,30-44,Male,White,Bachelor,Medium,1
937,18-29,Male,White,High School or Less,Low,1
938,60+,Male,White,Bachelor,High,1
939,18-29,Female,White,High School or Less,Medium,0
940,30-44,Male,White,Bachelor,Low,1
941,30-44,Female,Hispanic,Some College/Associates,High,1
942,30-44,Female,Hispanic,High School or Less,High,1
943,45-59,Female,White,High School or Less,Medium,0
944,45-59,Female,White,Graduate,Low,1
945,18-29,Male,White,High School or Less,Medium,1
946,18-29,Male,White,High School or Less,High,0
947,18-29,Male,Black,Some College/Associates,Low,0
948,60+,Male,Black,Bachelor,Low,0
949,60+,Male,White,Some College/Associates,High,1
950,30-44,Male,White,High School or Less,Low,0
951,45-59,Male,White,High School or Less,High,0
952,45-59,Female,Hispanic,High School or Less,Medium,0
953,18-29,Female,Other,High School or Less,Medium,0
954,60+,Male,White,Some College/Associates,Low,1
955,30-44,Female,White,Bachelor,High,0
956,30-44,Male,Hispanic,High School or Less,Low,1
957,30-44,Male,Asian,Some College/Associates,Medium,0
958,18-29,Female,White,Some College/Associates,Medium,1
959,18-29,Male,White,Graduate,Medium,0
960,45-59,Male,White,Graduate,High,1
961,18-29,Other,White,Bachelor,Medium,0
962,45-59,Female,White,High School or Less,Low,0
963,18-29,Female,White,High School or Less,High,1
964,30-44,Female,White,Some College/Associates,Medium,0
965,30-44,Female,White,High School or Less,Low,0
966,30-44,Male,Hispanic,Some College/Associates,Low,1
967,45-59,Male,White,Bachelor,High,1
968,30-44,Male,White,Graduate,Low,1
969,30-44,Male,White,Bachelor,Medium,1
970,30-44,Female,White,Some College/Associates,Medium,1
971,45-59,Male,Other,Bachelor,Low,1
972,60+,Female,White,Some College/Associates,Medium,1
973,45-59,Female,White,High School or Less,Low,1
974,18-29,Female,Black,Bachelor,Medium,1
975,18-29,Female,White,High School or Less,Medium,0
976,30-44,Female,Asian,Some College/Associates,Medium,0
977,30-44,Male,White,Some College/Associates,Medium,1
978,18-29,Female,White,Bachelor,High,0
979,30-44,Male,White,Bachelor,High,1
980,30-44,Female,White,Some College/Associates,Low,0
981,30-44,Male,Hispanic,Bachelor,Low,1
982,45-59,Female,Hispanic,High School or Less,Medium,0
983,18-29,Female,White,Some College/Associates,High,0
984,18-29,Male,White,Bachelor,High,0
985,45-59,Male,Hispanic,Bachelor,High,0
986,30-44,Female,Asian,Graduate,Low,0
987,45-59,Male,White,High School or Less,Medium,1
988,30-44,Female,White,Bachelor,Medium,1
989,18-29,Female,White,Bachelor,Low,1
990,45-59,Male,Hispanic,Graduate,Low,1
991,45-59,Male,White,High School or Less,High,0
992,45-59,Male,White,Bachelor,Low,1
993,30-44,Female,Hispanic,Some College/Associates,Low,1
994,30-44,Male,White,High School or Less,Low,0
995,30-44,Female,White,Some College/Associates,High,1
996,18-29,Female,White,Some College/Associates,Medium,0
997,60+,Female,White,Some College/Associates,Medium,0
998,18-29,Female,White,Graduate,High,1
999,60+,Female,White,Some College/Associates,Low,1
1000,30-44,Male,White,Bachelor,Medium,1
1001,18-29,Female,White,Some College/Associates,Low,1
1002,30-44,Female,Hispanic,High School or Less,Low,1
1003,60+,Female,Hispanic,High School or Less,High,0
1004,45-59,Female,White,Some College/Associates,High,0
1005,45-59,Male,White,Some College/Associates,Low,1
1006,45-59,Male,White,High School or Less,Low,0
1007,45-59,Female,White,Some College/Associates,Medium,1
1008,45-59,Male,White,Some College/Associates,Low,0
1009,18-29,Female,Black,High School or Less,Low,0
1010,30-44,Female,White,Some College/Associates,Low,1
1011,18-29,Male,White,High School or Less,Low,1
1012,60+,Female,White,Graduate,High,0
1013,60+,Male,Black,Graduate,Low,0
1014,18-29,Female,White,Bachelor,Low,0
1015,45-59,Female,Black,High School or Less,Medium,1
1016,60+,Female,White,Bachelor,High,1
1017,18-29,Male,Hispanic,Bachelor,Low,0
1018,30-44,Male,Hispanic,Bachelor,Low,0
1019,60+,Female,White,High School or Less,Low,0
1020,18-29,Female,White,Bachelor,Medium,0
1021,45-59,Female,White,Bachelor,Medium,1
1022,30-44,Male,White,Some College/Associates,High,1
1023,60+,Male,Black,Bachelor,High,1
1024,60+,Male,Hispanic,Some College/Associates,High,1
1025,60+,Female,Black,Some College/Associates,Medium,0
1026,30-44,Male,Hispanic,High School or Less,Medium,1
1027,60+,Male,White,Bachelor,Low,1
1028,45-59,Female,White,High School or Less,High,0
1029,30-44,Male,Hispanic,Some College/Associates,Low,0
1030,45-59,Other,White,High School or Less,Low,0
1031,18-29,Female,Black,Some College/Associates,Medium,0
1032,30-44,Female,White,High School or Less,Low,1
1033,18-29,Male,White,Bachelor,Medium,1
1034,18-29,Male,Other,Bachelor,Medium,0
1035,18-29,Female,White,High School or Less,Medium,1
1036,45-59,Female,Other,High School or Less,High,1
1037,30-44,Female,Other,High School or Less,Low,1
1038,45-59,Male,Hispanic,Graduate,Medium,0
1039,18-29,Female,Black,Some College/Associates,Medium,1
1040,30-44,Female,White,Some College/Associates,Medium,0
1041,30-44,Female,Hispanic,High School or Less,High,0
1042,45-59,Female,White,Bachelor,Low,0
1043,30-44,Female,White,Graduate,Medium,0
1044,45-59,Female,Black,Bachelor,Low,0
1045,60+,Male,White,Bachelor,High,1
1046,45-59,Male,White,High School or Less,Low,1
1047,18-29,Male,White,High School or Less,Medium,0
1048,18-29,Male,White,High School or Less,Low,1
1049,60+,Male,Hispanic,High School or Less,Low,0
1050,18-29,Male,White,High School or Less,Medium,1
1051,60+,Male,Asian,High School or Less,High,0
1052,30-44,Male,Black,Some College/Associates,Medium,1
1053,60+,Female,Hispanic,Graduate,High,0
1054,45-59,Female,White,Bachelor,Medium,1
1055,60+,Male,Hispanic,Bachelor,Medium,1
1056,30-44,Female,White,Bachelor,Low,0
1057,45-59,Female,Hispanic,High School or Less,High,1
1058,30-44,Male,White,Bachelor,Low,1
1059,30-44,Male,Hispanic,High School or Less,High,0
1060,45-59,Female,Other,Bachelor,High,0
1061,60+,Female,White,Some College/Associates,High,1
1062,60+,Female,White,Graduate,Medium,0
1063,45-59,Male,Hispanic,High School or Less,Medium,0
1064,30-44,Male,White,High School or Less,High,0
1065,30-44,Male,Hispanic,Graduate,Low,1
1066,45-59,Male,White,High School or Less,Medium,1
1067,18-29,Male,White,Bachelor,Low,0
1068,18-29,Male,Other,Bachelor,Medium,0
1069,30-44,Female,Black,Bachelor,Low,1
1070,30-44,Female,Hispanic,Graduate,Low,1
1071,30-44,Male,White,Graduate,Low,1
1072,18-29,Female,Black,High School or Less,Medium,1
1073,18-29,Male,White,Bachelor,Medium,1
1074,18-29,Male,Black,Bachelor,Low,1
1075,60+,Male,Black,Bachelor,Medium,0
1076,30-44,Female,White,High School or Less,Low,1
1077,30-44,Female,White,Bachelor,Medium,0
1078,45-59,Female,White,Graduate,Medium,1
1079,18-29,Male,Hispanic,Graduate,Medium,1
1080,60+,Female,White,Some College/Associates,Medium,1
1081,45-59,Male,Black,High School or Less,Low,1
1082,18-29,Female,White,Some College/Associates,High,0
1083,30-44,Female,Black,Bachelor,Medium,0
1084,60+,Male,Hispanic,Bachelor,Medium,1
1085,60+,Female,White,Some College/Associates,Medium,1
1086,30-44,Female,White,High School or Less,Low,1
1087,45-59,Male,White,Some College/Associates,Medium,0
1088,18-29,Female,Black,Some College/Associates,Medium,0
1089,60+,Male,Hispanic,Graduate,Low,1
1090,18-29,Female,White,Bachelor,Low,0
1091,60+,Female,Hispanic,Some College/Associates,Low,1
1092,45-59,Female,White,Some College/Associates,High,1
1093,45-59,Female,White,High School or Less,Medium,1
1094,30-44,Female,Asian,Graduate,Low,0
1095,18-29,Male,White,Some College/Associates,Low,0
1096,18-29,Female,White,Some College/Associates,Medium,1
1097,18-29,Male,White,Some College/Associates,High,1
1098,18-29,Female,White,Bachelor,Low,1
1099,45-59,Male,White,Bachelor,Low,1
1100,30-44,Male,White,Bachelor,High,1
1101,18-29,Female,Black,High School or Less,Low,1
1102,60+,Male,White,Some College/Associates,Low,0
1103,60+,Female,White,High School or Less,High,0
1104,60+,Male,White,Bachelor,Medium,1
1105,60+,Male,White,High School or Less,Low,1
1106,18-29,Female,Black,Some College/Associates,Low,1
1107,30-44,Male,Other,Graduate,Low,0
1108,45-59,Male,White,Graduate,Low,1
1109,45-59,Female,Hispanic,Some College/Associates,High,0
1110,18-29,Male,White,Some College/Associates,Medium,0
1111,45-59,Female,White,High School or Less,Medium,1
1112,18-29,Male,White,Bachelor,High,0
1113,18-29,Male,White,Bachelor,Medium,0
1114,30-44,Female,White,High School or Less,Low,1
1115,30-44,Male,Black,Some College/Associates,Medium,1
1116,30-44,Male,White,Bachelor,High,0
1117,18-29,Male,Asian,Graduate,High,0
1118,60+,Male,White,High School or Less,Low,1
1119,30-44,Female,White,Some College/Associates,Medium,1
1120,18-29,Male,Black,High School or Less,Medium,1
1121,60+,Female,White,High School or Less,High,0
1122,60+,Female,White,Graduate,Low,1
1123,60+,Male,Black,Bachelor,Medium,1
1124,45-59,Female,Asian,Bachelor,High,0
1125,45-59,Male,Hispanic,High School or Less,Medium,1
1126,30-44,Female,Black,Bachelor,Medium,1
1127,18-29,Male,Black,Some College/Associates,Low,1
1128,30-44,Female,Asian,Some College/Associates,Low,0
1129,30-44,Female,White,Some College/Associates,Low,1
1130,30-44,Male,White,High School or Less,High,0
1131,45-59,Female,White,Bachelor,Low,0
1132,30-44,Female,White,Some College/Associates,Medium,1
1133,18-29,Male,Black,High School or Less,Medium,1
1134,18-29,Male,Black,High School or Less,Low,1
1135,45-59,Female,White,High School or Less,Medium,1
1136,18-29,Female,White,High School or Less,Medium,0
1137,60+,Female,Hispanic,Some College/Associates,High,0
1138,30-44,Female,White,Bachelor,Medium,1
1139,30-44,Female,Black,High School or Less,Medium,0
1140,30-44,Female,White,High School or Less,Low,0
1141,45-59,Male,White,Some College/Associates,High,0
1142,30-44,Male,White,Bachelor,Low,1
1143,45-59,Female,White,Some College/Associates,High,1
1144,30-44,Female,Hispanic,Some College/Associates,Low,1
1145,30-44,Male,Asian,Some College/Associates,High,1
1146,60+,Male,Black,High School or Less,Medium,1
1147,45-59,Female,White,High School or Less,High,1
1148,45-59,Female,White,Bachelor,Low,1
1149,60+,Male,Hispanic,Bachelor,Medium,0
1150,60+,Male,Hispanic,Some College/Associates,Medium,1
1151,45-59,Male,White,Bachelor,High,1
1152,45-59,Male,White,Bachelor,Low,1
1153,45-59,Male,Black,High School or Less,High,1
1154,45-59,Male,White,Some College/Associates,High,1
1155,45-59,Female,White,High School or Less,Low,1
1156,45-59,Male,White,High School or Less,High,1
1157,18-29,Female,White,Bachelor,Medium,1
1158,60+,Female,Hispanic,Graduate,Medium,1
1159,60+,Male,Asian,Graduate,Low,1
1160,18-29,Female,White,Bachelor,Medium,0
1161,45-59,Male,White,High School or Less,Medium,1
1162,18-29,Female,White,High School or Less,Medium,1
1163,30-44,Male,White,Bachelor,Medium,1
1164,45-59,Female,White,Some College/Associates,Medium,1
1165,18-29,Female,Black,Bachelor,Medium,1
1166,45-59,Male,White,Bachelor,Low,1
1167,45-59,Male,White,Bachelor,High,0
1168,30-44,Female,White,Bachelor,Medium,1
1169,18-29,Female,White,High School or Less,Low,1
1170,30-44,Male,White,Bachelor,Low,0
1171,45-59,Female,White,Graduate,Medium,0
1172,60+,Male,Other,High School or Less,High,1
1173,45-59,Female,White,Bachelor,Low,1
1174,30-44,Male,White,Some College/Associates,Medium,1
1175,45-59,Female,Hispanic,Graduate,Low,1
1176,30-44,Male,Other,High School or Less,Medium,1
1177,45-59,Male,White,Some College/Associates,High,1
1178,18-29,Male,Hispanic,High School or Less,High,0
1179,45-59,Male,White,Bachelor,Low,1
1180,30-44,Female,White,High School or Less,Medium,1
1181,60+,Male,White,High School or Less,Low,1
1182,30-44,Female,Black,Some College/Associates,Medium,0
1183,45-59,Male,Black,Graduate,High,1
1184,60+,Male,White,High School or Less,High,0
1185,18-29,Male,White,High School or Less,Low,1
1186,60+,Male,Black,Bachelor,High,1
1187,45-59,Male,White,Some College/Associates,Medium,1
1188,18-29,Male,White,Graduate,Low,1
1189,30-44,Female,Black,High School or Less,Medium,1
1190,45-59,Male,Black,Bachelor,Medium,1
1191,18-29,Female,Hispanic,High School or Less,Medium,1
1192,30-44,Female,Hispanic,High School or Less,Medium,0
1193,30-44,Male,White,Bachelor,Medium,1
1194,45-59,Male,Hispanic,Some College/Associates,Low,1
1195,18-29,Female,Black,Bachelor,High,1
1196,60+,Female,White,Some College/Associates,Medium,0
1197,60+,Female,White,Some College/Associates,Low,0
1198,60+,Male,White,Some College/Associates,High,0
1199,45-59,Female,White,Graduate,High,1
1200,18-29,Female,Black,High School or Less,High,0
1201,45-59,Female,Hispanic,High School or Less,Low,1
1202,18-29,Female,White,Some College/Associates,Low,0
1203,18-29,Male,White,Some College/Associates,Medium,1
1204,30-44,Male,Other,High School or Less,Low,1
1205,30-44,Female,White,Graduate,High,1
1206,45-59,Female,White,High School or Less,Low,1
1207,45-59,Male,White,Graduate,Low,0
1208,30-44,Male,White,High School or Less,Medium,1
1209,30-44,Male,White,Bachelor,Low,1
1210,60+,Male,White,Graduate,High,0
1211,30-44,Female,White,High School or Less,Medium,0
1212,30-44,Female,White,Graduate,Low,1
1213,18-29,Male,White,Some College/Associates,Low,0
1214,45-59,Male,White,Graduate,Medium,1
1215,45-59,Male,Black,Bachelor,Low,0
1216,18-29,Male,Hispanic,Some College/Associates,Medium,0
1217,18-29,Female,White,High School or Less,Medium,1
1218,45-59,Female,White,Some College/Associates,Medium,0
1219,45-59,Female,Black,High School or Less,High,0
1220,30-44,Male,White,High School or Less,High,1
1221,60+,Female,White,High School or Less,High,1
1222,18-29,Female,Black,Some College/Associates,Low,0
1223,30-44,Female,Hispanic,Bachelor,Low,1
1224,60+,Male,Hispanic,High School or Less,Low,0
1225,30-44,Male,White,High School or Less,High,0
1226,45-59,Male,Hispanic,Bachelor,High,0
1227,30-44,Male,White,High School or Less,High,1
1228,30-44,Male,Black,High School or Less,Low,1
1229,60+,Male,White,High School or Less,High,1
1230,30-44,Male,White,Graduate,Medium,1
1231,60+,Female,Black,Bachelor,Low,1
1232,18-29,Male,White,Some College/Associates,Medium,0
1233,18-29,Male,White,Bachelor,Low,1
1234,18-29,Female,Asian,Some College/Associates,Medium,1
1235,45-59,Female,White,Bachelor,Low,1
1236,30-44,Female,White,Bachelor,Medium,0
1237,60+,Other,White,Bachelor,Medium,1
1238,30-44,Female,Hispanic,High School or Less,High,1
1239,60+,Female,Black,High School or Less,Medium,0
1240,18-29,Male,White,Some College/Associates,Medium,1
1241,60+,Male,Black,Graduate,High,1
1242,45-59,Male,White,Some College/Associates,High,1
1243,45-59,Male,Hispanic,Bachelor,Low,1
1244,45-59,Male,White,Graduate,Medium,1
1245,45-59,Female,White,High School or Less,Low,0
1246,45-59,Female,Asian,Bachelor,Low,1
1247,18-29,Female,White,Bachelor,Medium,1
1248,18-29,Male,White,Graduate,High,1
1249,60+,Female,White,Graduate,Low,1
1250,45-59,Female,Other,Bachelor,High,1
1251,45-59,Male,White,High School or Less,High,0
1252,30-44,Female,White,Bachelor,High,1
1253,18-29,Male,White,High School or Less,Low,1
1254,18-29,Male,White,Bachelor,High,1
1255,45-59,Female,White,Graduate,Low,0
1256,30-44,Male,Black,Some College/Associates,Medium,0
1257,18-29,Male,Other,Bachelor,Low,1
1258,30-44,Female,White,Some College/Associates,Low,1
1259,18-29,Female,White,Some College/Associates,Medium,1
1260,30-44,Male,White,Some College/Associates,Medium,1
1261,30-44,Male,White,Bachelor,Low,1
1262,45-59,Male,Hispanic,Graduate,Low,0
1263,30-44,Female,White,Graduate,Medium,1
1264,30-44,Male,White,High School or Less,Low,0
1265,18-29,Male,Black,Graduate,High,1
1266,18-29,Female,White,Bachelor,Low,0
1267,30-44,Female,Black,High School or Less,Low,0
1268,30-44,Male,White,High School or Less,Low,1
1269,45-59,Female,Hispanic,High School or Less,Medium,0
1270,30-44,Female,Asian,Graduate,Low,1
1271,45-59,Male,Black,Bachelor,Low,1
1272,60+,Male,Asian,Bachelor,High,1
1273,45-59,Female,White,High School or Less,Medium,0
1274,18-29,Male,White,Bachelor,Low,1
1275,30-44,Female,Black,High School or Less,Medium,0
1276,18-29,Male,White,Some College/Associates,High,1
1277,18-29,Male,White,Bachelor,Low,0
1278,60+,Male,White,High School or Less,Low,1
1279,18-29,Male,White,Bachelor,High,0
1280,30-44,Male,White,High School or Less,Medium,1
1281,45-59,Male,White,Bachelor,Medium,1
1282,45-59,Female,Hispanic,Some College/Associates,Low,1
1283,30-44,Female,White,Some College/Associates,Low,1
1284,18-29,Female,White,High School or Less,Medium,0
1285,30-44,Female,White,High School or Less,Low,0
1286,30-44,Male,White,Graduate,Medium,1
1287,18-29,Female,Hispanic,High School or Less,Medium,1
1288,30-44,Male,White,Bachelor,Low,0
1289,18-29,Female,White,Graduate,High,1
1290,18-29,Other,Hispanic,High School or Less,High,0
1291,30-44,Female,White,High School or Less,Medium,0
1292,18-29,Female,White,Bachelor,Low,1
1293,30-44,Female,White,Graduate,Low,1
1294,45-59,Male,Asian,Graduate,Medium,0
1295,45-59,Male,White,Some College/Associates,Low,1
1296,18-29,Female,White,Bachelor,High,1
1297,18-29,Male,White,High School or Less,Low,1
1298,18-29,Female,White,Graduate,Medium,1
1299,45-59,Female,White,Graduate,Low,1
1300,45-59,Male,White,High School or Less,Medium,1
1301,18-29,Female,White,High School or Less,Low,0
1302,60+,Female,Asian,High School or Less,Medium,0
1303,18-29,Female,Hispanic,High School or Less,Low,0
1304,30-44,Female,White,Bachelor,High,0
1305,45-59,Female,Hispanic,Some College/Associates,Low,1
1306,60+,Female,White,High School or Less,High,0
1307,45-59,Female,White,Some College/Associates,High,1
1308,45-59,Male,Black,Graduate,Low,0
1309,30-44,Male,Hispanic,Bachelor,High,1
1310,45-59,Female,Hispanic,Some College/Associates,Low,0
1311,18-29,Male,White,High School or Less,High,1
1312,60+,Female,Asian,Graduate,Medium,1
1313,30-44,Female,White,Bachelor,Low,0
1314,45-59,Male,Hispanic,High School or Less,Low,0
1315,30-44,Female,Other,High School or Less,Low,0
1316,45-59,Female,White,High School or Less,High,0
1317,30-44,Female,Hispanic,High School or Less,Low,0
1318,45-59,Male,White,Some College/Associates,Medium,1
1319,18-29,Male,White,Graduate,Medium,1
1320,18-29,Male,White,Some College/Associates,High,1
1321,18-29,Female,White,Bachelor,Low,1
1322,18-29,Male,Asian,Some College/Associates,Medium,0
1323,60+,Female,Black,Bachelor,Medium,1
1324,18-29,Male,White,Bachelor,Medium,1
1325,60+,Male,Hispanic,High School or Less,Low,1
1326,30-44,Female,Asian,Some College/Associates,Low,1
1327,18-29,Female,White,Bachelor,Low,0
1328,45-59,Male,Other,High School or Less,Medium,1
1329,45-59,Male,White,Some College/Associates,Low,1
1330,30-44,Male,Hispanic,Some College/Associates,Medium,1
1331,30-44,Male,White,Graduate,Low,1
1332,45-59,Female,White,Some College/Associates,High,1
1333,18-29,Male,White,Bachelor,High,0
1334,60+,Male,Black,Some College/Associates,Medium,1
1335,60+,Male,White,Bachelor,Low,0
1336,45-59,Female,White,Some College/Associates,Low,1
1337,18-29,Other,White,Graduate,Low,1
1338,45-59,Male,Asian,Some College/Associates,Low,0
1339,18-29,Female,White,Bachelor,Medium,0
1340,18-29,Male,White,Bachelor,Medium,1
1341,30-44,Male,White,Some College/Associates,High,1
1342,30-44,Female,White,High School or Less,Low,0
1343,60+,Female,Hispanic,High School or Less,Medium,0
1344,45-59,Female,Hispanic,High School or Less,Medium,1
1345,45-59,Female,White,Graduate,Medium,1
1346,30-44,Male,White,High School or Less,Low,0
1347,30-44,Female,Hispanic,High School or Less,Medium,0
1348,30-44,Male,White,Bachelor,Medium,0
1349,60+,Female,Hispanic,Some College/Associates,Medium,0
1350,18-29,Male,Black,Some College/Associates,High,1
1351,60+,Female,Hispanic,High School or Less,Low,1
1352,30-44,Male,White,Graduate,Low,1
1353,30-44,Male,White,Graduate,Medium,1
1354,45-59,Female,Asian,Graduate,Medium,0
1355,30-44,Male,White,Some College/Associates,Low,1
1356,60+,Female,Black,Bachelor,High,1
1357,60+,Male,White,High School or Less,High,1
1358,30-44,Male,Black,High School or Less,High,1
1359,30-44,Male,White,High School or Less,Low,1
1360,30-44,Male,White,Some College/Associates,High,1
1361,60+,Female,White,Some College/Associates,Medium,1
1362,18-29,Male,Black,Some College/Associates,Medium,0
1363,45-59,Female,Hispanic,High School or Less,Medium,1
1364,45-59,Female,White,Some College/Associates,High,0
1365,45-59,Male,White,Bachelor,Medium,1
1366,18-29,Female,Black,Some College/Associates,Low,0
1367,45-59,Female,White,Bachelor,Medium,1
1368,60+,Female,White,High School or Less,Medium,0
1369,18-29,Male,White,Bachelor,Low,0
1370,18-29,Male,White,Some College/Associates,High,1
1371,60+,Female,White,High School or Less,Medium,0
1372,18-29,Female,White,High School or Less,Medium,1
1373,60+,Female,White,Bachelor,Low,0
1374,30-44,Male,White,Bachelor,Medium,1
1375,18-29,Female,White,Some College/Associates,Low,0
1376,60+,Male,White,High School or Less,Low,1
1377,30-44,Female,White,Graduate,Medium,1
1378,30-44,Male,Hispanic,Bachelor,Medium,1
1379,30-44,Female,White,Some College/Associates,Medium,1
1380,30-44,Male,White,Some College/Associates,Low,1
1381,18-29,Male,White,High School or Less,Medium,1
1382,30-44,Female,White,Bachelor,Low,1
1383,60+,Male,White,Some College/Associates,High,1
1384,30-44,Male,White,Graduate,Medium,1
1385,45-59,Male,Hispanic,Some College/Associates,Medium,0
1386,30-44,Female,White,Some College/Associates,Low,0
1387,45-59,Female,Asian,Some College/Associates,Low,0
1388,18-29,Male,White,Graduate,High,0
1389,60+,Female,White,Bachelor,Low,1
1390,30-44,Female,White,Some College/Associates,Medium,1
1391,18-29,Male,White,Bachelor,Medium,1
1392,18-29,Female,White,Some College/Associates,Low,0
1393,18-29,Female,Black,Some College/Associates,High,0
1394,30-44,Female,White,High School or Less,Medium,1
1395,30-44,Male,Asian,Some College/Associates,Low,1
1396,45-59,Female,Hispanic,High School or Less,Low,0
1397,30-44,Female,White,Graduate,Low,1
1398,18-29,Male,White,Some College/Associates,High,1
1399,45-59,Male,White,Graduate,Medium,1
1400,45-59,Male,White,Some College/Associates,Low,0
1401,18-29,Male,White,Bachelor,Low,1
1402,18-29,Female,White,Some College/Associates,Medium,0
1403,18-29,Male,White,High School or Less,Medium,0
1404,45-59,Male,White,Some College/Associates,Medium,0
1405,45-59,Female,Other,High School or Less,Low,1
1406,30-44,Male,Black,Bachelor,Low,0
1407,45-59,Female,Asian,Some College/Associates,Medium,0
1408,45-59,Male,White,Bachelor,High,1
1409,30-44,Male,White,High School or Less,Low,1
1410,60+,Male,White,High School or Less,Medium,0
1411,18-29,Male,White,Some College/Associates,Medium,0
1412,18-29,Male,White,Graduate,Medium,0
1413,30-44,Female,Black,Bachelor,Low,0
1414,18-29,Female,Black,Some College/Associates,High,1
1415,30-44,Male,White,Some College/Associates,Medium,1
1416,60+,Female,White,High School or Less,Medium,1
1417,18-29,Female,White,Graduate,Low,1
1418,18-29,Female,White,Bachelor,Low,0
1419,30-44,Male,White,High School or Less,Low,1
1420,60+,Male,White,Some College/Associates,Medium,0
1421,30-44,Male,White,High School or Less,Low,1
1422,30-44,Female,Asian,Graduate,Medium,1
1423,18-29,Female,White,High School or Less,Low,0
1424,18-29,Male,Hispanic,Bachelor,Medium,0
1425,60+,Male,White,High School or Less,Medium,1
1426,60+,Female,White,Bachelor,Low,0
1427,18-29,Female,White,Bachelor,Low,0
1428,60+,Female,White,Bachelor,Low,1
1429,45-59,Female,White,Bachelor,Medium,1
1430,60+,Male,Hispanic,Graduate,Medium,0
1431,30-44,Female,Black,High School or Less,Low,1
1432,30-44,Female,White,Some College/Associates,Medium,1
1433,30-44,Male,White,High School or Less,Low,1
1434,45-59,Female,Asian,Graduate,Low,0
1435,18-29,Female,White,Some College/Associates,Low,0
1436,18-29,Male,White,Bachelor,High,1
1437,30-44,Female,White,Bachelor,Low,1
1438,45-59,Female,Hispanic,High School or Less,Low,1
1439,18-29,Female,Other,High School or Less,Low,0
1440,45-59,Male,White,High School or Less,Low,1
1441,60+,Male,Hispanic,Some College/Associates,Medium,1
1442,18-29,Female,Hispanic,High School or Less,Low,0
1443,45-59,Male,White,High School or Less,Low,0
1444,30-44,Female,White,Graduate,Medium,0
1445,60+,Female,White,Graduate,Low,1
1446,18-29,Male,Other,Some College/Associates,Medium,0
1447,45-59,Female,White,Some College/Associates,Medium,0
1448,45-59,Female,Hispanic,High School or Less,Low,1
1449,60+,Male,White,Bachelor,Medium,1
1450,45-59,Female,Hispanic,Bachelor,Low,0
1451,30-44,Female,White,High School or Less,Medium,1
1452,45-59,Female,White,High School or Less,Medium,0
1453,60+,Female,Hispanic,Bachelor,Low,0
1454,30-44,Male,Hispanic,Bachelor,Medium,1
1455,18-29,Female,Hispanic,High School or Less,High,1
1456,60+,Female,White,Bachelor,High,1
1457,45-59,Female,Black,Some College/Associates,Medium,0
1458,45-59,Female,White,Some College/Associates,Medium,0
1459,18-29,Male,White,Bachelor,Low,1
1460,45-59,Female,White,Bachelor,Low,0
1461,30-44,Male,White,Some College/Associates,Medium,1
1462,45-59,Male,White,Graduate,Low,1
1463,18-29,Male,Other,Some College/Associates,High,1
1464,45-59,Female,White,Bachelor,Low,1
1465,60+,Female,Black,Some College/Associates,Low,1
1466,18-29,Female,White,Graduate,Low,0
1467,60+,Female,White,Graduate,High,1
1468,30-44,Female,White,High School or Less,Medium,0
1469,60+,Female,Asian,Graduate,Medium,1
1470,45-59,Female,Hispanic,Bachelor,Low,1
1471,30-44,Male,Asian,Bachelor,High,1
1472,45-59,Male,Other,High School or Less,Low,1
1473,60+,Female,White,Bachelor,High,1
1474,30-44,Female,White,Graduate,Medium,1
1475,30-44,Male,Black,High School or Less,Low,1
1476,45-59,Male,White,Graduate,Medium,1
1477,45-59,Female,White,High School or Less,Medium,1
1478,45-59,Male,White,High School or Less,Low,0
1479,45-59,Female,White,Some College/Associates,High,0
1480,30-44,Female,White,Some College/Associates,Medium,1
1481,45-59,Male,White,Bachelor,Low,0
1482,18-29,Male,White,High School or Less,Low,0
1483,30-44,Female,White,Graduate,Medium,1
1484,18-29,Female,White,High School or Less,Medium,1
1485,30-44,Female,White,High School or Less,Medium,1
1486,30-44,Female,Hispanic,High School or Less,Medium,0
1487,30-44,Male,White,Some College/Associates,Medium,1
1488,45-59,Female,White,Graduate,High,0
1489,30-44,Female,Hispanic,Bachelor,Medium,0
1490,30-44,Female,White,Bachelor,High,1
1491,18-29,Male,White,High School or Less,Low,1
1492,30-44,Female,Black,Some College/Associates,Low,1
1493,18-29,Female,White,Some College/Associates,Low,1
1494,18-29,Male,Hispanic,Some College/Associates,Medium,1
1495,45-59,Male,Hispanic,High School or Less,High,1
1496,45-59,Female,Black,Bachelor,Low,1
1497,45-59,Male,White,Some College/Associates,Low,1
1498,30-44,Male,White,Bachelor,High,0
1499,30-44,Male,White,Some College/Associates,Low,1
1500,60+,Female,White,High School or Less,Medium,0
